date,americano,cafelatte,cafemoca,caramelmatk,icedamericano
2016-06-24,35.18592,23.27069,15.43382,26.34946,9.55617
2016-06-25,33.2267,23.75049,15.55377,25.54978,8.91643
2016-06-26,36.9852,26.30947,17.15313,27.38904,11.07556
2016-06-27,37.26509,24.39024,14.51419,25.26989,11.07556
2016-06-28,37.18512,23.2307,14.19432,24.99,12.2351
2016-06-29,35.54578,18.47261,13.55457,26.50939,13.59456
2016-06-30,39.26429,19.27229,14.55417,26.90923,11.79528
2016-07-01,30.42782,20.51179,15.03398,27.2291,8.07676
2016-07-02,32.86685,21.19152,16.47341,27.54898,8.87644
2016-07-03,34.94602,20.39184,18.19272,28.02878,9.79608
2016-07-04,35.38584,20.31187,16.19352,26.94922,9.2363
2016-07-05,37.14514,22.55097,16.35345,28.66853,8.63654
2016-07-06,34.54618,21.11155,16.2335,28.10875,11.71531
2016-07-07,36.10555,20.79168,14.03438,26.46941,12.55497
2016-07-08,34.26629,17.87285,14.31427,25.66973,14.43422
2016-07-09,30.54778,17.03318,15.11395,23.87045,12.55497
2016-07-10,35.62574,18.95241,14.43422,24.35025,13.55457
2016-07-11,36.14554,17.83286,13.43462,25.94962,15.31387
2016-07-12,37.14514,18.55257,14.75409,25.7497,13.9944
2016-07-13,37.2251,19.91203,13.19472,26.94922,14.15433
2016-07-14,36.66533,18.75249,14.47421,24.2303,15.79368
2016-07-15,33.70651,18.51259,13.47461,24.43022,11.9952
2016-07-16,31.18752,20.11195,15.87365,27.2291,7.03718
2016-07-17,33.66653,17.55297,15.07397,24.63014,8.39664
2016-07-18,34.50619,19.03238,13.2347,22.43102,12.03518
2016-07-19,65.53378,21.11155,15.67373,27.14914,11.9952
2016-07-20,50.41983,19.59216,14.11435,25.02998,14.71411
2016-07-21,47.30107,19.07237,15.2339,26.94922,13.55457
2016-07-22,45.18192,19.83206,14.35425,26.14954,12.9948
2016-07-23,60.09596,17.79288,14.95401,24.91003,11.75529
2016-07-24,45.86165,17.39304,14.43422,25.86965,11.91523
2016-07-25,63.29468,19.47221,14.47421,23.51059,12.91483
2016-07-26,50.29988,17.75289,14.43422,26.38944,12.87485
2016-07-27,39.18432,20.27189,13.03478,24.95001,11.75529
2016-07-28,37.38504,19.2323,13.59456,28.34866,12.51499
2016-07-29,35.42582,16.51339,14.27429,25.94962,10.67572
2016-07-30,32.9868,17.67293,13.75449,23.71051,9.4762
2016-07-31,31.62734,17.67293,14.79408,23.79048,10.59576
2016-08-01,32.58696,19.83206,15.55377,25.06997,12.11515
2016-08-02,35.70571,20.91163,15.83366,26.70931,11.2355
2016-08-03,36.14554,21.39144,16.2335,26.46941,11.91523
2016-08-04,36.94522,22.2311,15.95361,28.10875,12.31507
2016-08-05,36.54538,18.91243,13.9944,25.9896,13.39464
2016-08-06,41.26349,18.11275,14.15433,21.19152,10.95561
2016-08-07,38.06477,18.71251,13.59456,25.9896,13.87445
2016-08-08,40.62375,20.63174,15.75369,26.10955,14.43422
2016-08-09,39.50419,20.91163,14.79408,28.62854,14.03438
2016-08-10,38.50459,21.47141,14.79408,26.02958,13.15473
2016-08-11,38.34466,20.95161,15.55377,25.66973,14.31427
2016-08-12,34.50619,20.15193,16.59336,25.46981,13.19472
2016-08-13,34.38624,19.75209,12.59496,23.63054,11.71531
2016-08-14,34.30627,19.27229,14.87405,26.06957,11.19552
2016-08-15,33.86645,20.95161,15.59376,26.78928,12.95481
2016-08-16,39.62415,20.51179,15.67373,26.54938,12.03518
2016-08-17,37.70491,20.03198,14.19432,29.70811,11.95521
2016-08-18,36.42542,19.55217,15.11395,26.70931,12.39504
2016-08-19,36.30547,19.07237,15.87365,26.86925,11.07556
2016-08-20,34.18632,19.03238,16.75329,27.2291,8.55657
2016-08-21,36.10555,22.35105,16.43342,27.66893,9.35625
2016-08-22,38.50459,20.11195,14.19432,28.94842,11.15553
2016-08-23,40.54378,20.91163,16.47341,28.02878,9.996
2016-08-24,38.58456,20.2319,15.19392,25.02998,10.27588
2016-08-25,33.82646,19.43222,14.55417,27.42902,9.27628
2016-08-26,31.02758,18.31267,15.71371,25.54978,6.19752
2016-08-27,30.34786,21.11155,14.67413,26.06957,5.59776
2016-08-28,33.66653,20.79168,18.31267,29.42822,5.83766
2016-08-29,30.9876,18.95241,14.03438,24.99,5.67772
2016-08-30,33.2267,21.71131,17.79288,27.70891,5.83766
2016-08-31,31.86725,25.82966,17.71291,27.42902,5.67772
2016-09-01,33.90643,21.43142,14.59416,28.14874,6.27748
2016-09-02,54.25829,24.75009,16.43342,27.46901,6.07756
2016-09-03,35.02598,21.71131,17.55297,26.14954,5.87764
2016-09-04,33.14674,23.39064,17.2331,30.58776,6.59736
2016-09-05,35.90563,21.39144,15.63374,26.7493,6.39744
2016-09-06,39.62415,22.2311,17.95281,27.34906,5.59776
2016-09-07,34.986,21.2315,16.51339,28.9884,6.19752
2016-09-08,34.2263,20.63174,14.83406,26.50939,5.83766
2016-09-09,30.7477,19.27229,15.03398,25.54978,5.83766
2016-09-10,29.10835,18.55257,15.11395,23.83046,5.07796
2016-09-11,32.50699,22.2311,17.83286,26.66933,6.63734
2016-09-12,29.46821,18.63254,12.87485,23.47061,4.15833
2016-09-13,25.18992,18.15273,14.87405,21.63134,5.67772
2016-09-14,26.14954,18.75249,13.75449,21.39144,4.67812
2016-09-15,28.10875,19.07237,15.07397,21.95121,3.55857
2016-09-16,29.2283,21.91123,19.19232,26.10955,4.39824
2016-09-17,31.10755,25.50979,20.27189,28.66853,5.15793
2016-09-18,33.10675,24.11035,21.19152,30.90763,5.35785
2016-09-19,35.26589,21.55137,17.59296,29.38824,5.67772
2016-09-20,34.62614,23.51059,16.59336,27.34906,5.63774
2016-09-21,33.38664,23.31067,18.11275,30.66773,6.43742
2016-09-22,35.9856,22.95081,19.2323,30.14794,4.75809
2016-09-23,31.90723,22.15113,20.71171,27.10915,4.2383
2016-09-24,29.26829,21.51139,21.47141,30.62774,4.63814
2016-09-25,30.66773,24.07037,20.59176,31.18752,4.67812
2016-09-26,36.50539,23.35065,18.19272,27.78888,5.4778
2016-09-27,36.62534,26.82926,20.59176,33.86645,4.75809
2016-09-28,35.42582,21.9912,19.39224,31.46741,5.03798
2016-09-29,31.7473,22.9908,18.9924,30.14794,3.95841
2016-09-30,28.26869,20.91163,20.83166,31.82726,4.03838
2016-10-01,30.86765,22.2311,20.75169,29.90803,3.15873
2016-10-02,31.26749,25.34986,22.9908,33.10675,3.71851
2016-10-03,34.58616,24.19032,21.03158,32.26709,5.75769
2016-10-04,33.70651,24.2303,17.79288,28.34866,5.35785
2016-10-05,34.70611,22.07117,18.91243,29.38824,4.87804
2016-10-06,33.30667,22.75089,20.27189,33.2267,5.27788
2016-10-07,30.94762,26.54938,17.75289,27.90883,4.19832
2016-10-08,28.30867,25.54978,20.75169,30.82766,3.11875
2016-10-09,31.70731,25.78968,25.18992,34.18632,3.2387
2016-10-10,33.94642,23.87045,19.47221,33.46661,3.03878
2016-10-11,33.7465,24.55017,20.55177,33.66653,3.11875
2016-10-12,35.18592,26.2295,21.07157,34.06637,3.43862
2016-10-13,34.42622,25.62974,19.71211,32.70691,3.71851
2016-10-14,29.90803,24.67013,19.51219,30.90763,4.59816
2016-10-15,28.14874,25.66973,22.71091,31.26749,3.51859
2016-10-16,30.86765,26.94922,22.39104,39.02439,3.27868
2016-10-17,34.62614,22.27109,21.91123,32.26709,4.63814
2016-10-18,34.58616,22.9908,20.63174,32.94682,4.07836
2016-10-19,36.82526,23.2307,22.79088,36.90523,4.83806
2016-10-20,33.66653,23.51059,22.19112,32.82686,4.11835
2016-10-21,29.94802,21.9912,20.51179,31.82726,3.79848
2016-10-22,30.10795,20.95161,18.79248,29.7481,3.11875
2016-10-23,38.38464,25.54978,24.63014,34.18632,3.35865
2016-10-24,33.90643,21.71131,20.07197,32.50699,3.91843
2016-10-25,34.7461,24.51019,20.27189,32.90683,3.55857
2016-10-26,32.14714,23.79048,20.27189,32.82686,3.07876
2016-10-27,28.34866,23.11075,18.07277,30.78768,3.03878
2016-10-28,28.62854,23.03078,20.75169,29.988,2.75889
2016-10-29,25.90963,19.95201,21.19152,28.90843,2.11915
2016-10-30,29.14834,23.67053,22.39104,30.9876,2.63894
2016-10-31,32.70691,22.63094,20.03198,32.54698,3.11875
2016-11-01,29.78808,25.58976,21.47141,32.42702,2.11915
2016-11-02,31.10755,25.50979,22.03118,35.58576,2.71891
2016-11-03,31.78728,24.03038,20.83166,31.58736,2.03918
2016-11-04,27.46901,22.59096,18.11275,29.2283,2.15913
2016-11-05,26.82926,21.35145,19.43222,28.02878,2.27908
2016-11-06,29.54818,24.63014,19.2323,31.9872,2.91883
2016-11-07,31.54738,22.67093,19.91203,31.38744,2.67892
2016-11-08,31.54738,24.63014,19.47221,31.46741,2.55897
2016-11-09,32.30707,24.83006,20.51179,32.62694,2.95881
2016-11-10,31.18752,23.91043,19.39224,32.82686,2.71891
2016-11-11,27.50899,19.2323,18.2327,26.58936,2.11915
2016-11-12,26.94922,19.39224,17.07317,24.19032,2.11915
2016-11-13,28.50859,22.31107,19.75209,27.94882,3.2387
2016-11-14,33.66653,24.59016,19.07237,32.06717,3.83846
2016-11-15,34.54618,24.83006,20.07197,29.70811,1.9992
2016-11-16,33.90643,25.86965,21.75129,33.62654,2.95881
2016-11-17,34.66613,24.43022,20.51179,33.10675,2.63894
2016-11-18,31.34746,22.55097,19.63214,30.26789,2.87884
2016-11-19,28.58856,18.67253,17.79288,28.70851,2.79888
2016-11-20,30.30787,22.11115,21.15153,33.58656,3.11875
2016-11-21,32.70691,24.99,20.51179,32.46701,2.83886
2016-11-22,34.2263,24.39024,21.39144,32.94682,2.75889
2016-11-23,33.78648,22.95081,20.43182,32.30707,2.63894
2016-11-24,35.42582,21.15153,21.95121,34.2263,3.11875
2016-11-25,33.50659,20.67173,19.67213,31.46741,2.75889
2016-11-26,29.82806,24.95001,21.83126,32.82686,2.31907
2016-11-27,31.38744,24.11035,23.47061,34.34626,3.03878
2016-11-28,35.2259,21.27149,21.07157,35.26589,3.35865
2016-11-29,33.70651,23.87045,19.95201,35.02598,3.07876
2016-11-30,48.86045,23.35065,21.31147,32.50699,3.51859
2016-12-01,35.94562,22.39104,20.71171,29.54818,2.59896
2016-12-02,34.78608,22.43102,18.39264,34.10635,2.39904
2016-12-03,32.38704,24.91003,19.2323,32.82686,2.59896
2016-12-04,33.34666,25.2299,23.15073,34.54618,3.31867
2016-12-05,36.7453,23.51059,19.63214,33.62654,3.15873
2016-12-06,33.42662,25.94962,22.83086,35.70571,3.31867
2016-12-07,38.06477,25.2299,21.15153,33.26669,3.39864
2016-12-08,37.78488,24.2303,22.27109,36.54538,3.63854
2016-12-09,33.02678,25.38984,21.63134,34.7461,2.83886
2016-12-10,33.18672,25.86965,22.75089,32.94682,2.9988
2016-12-11,34.66613,26.06957,23.79048,37.34506,3.55857
2016-12-12,37.2251,25.42982,19.03238,34.42622,3.11875
2016-12-13,36.26549,26.02958,22.67093,32.42702,2.95881
2016-12-14,36.9852,25.38984,19.43222,34.50619,2.03918
2016-12-15,33.38664,22.71091,20.59176,34.06637,2.19912
2016-12-16,32.06717,26.02958,22.07117,33.06677,2.35905
2016-12-17,28.90843,25.10995,18.59256,29.70811,1.9992
2016-12-18,31.54738,23.27069,20.07197,32.9868,2.07916
2016-12-19,32.10715,24.67013,18.03278,31.78728,3.11875
2016-12-20,31.30747,23.15073,19.51219,32.06717,2.39904
2016-12-21,30.90763,21.15153,17.55297,32.66693,3.43862
2016-12-22,30.66773,21.19152,16.59336,28.82846,2.31907
2016-12-23,27.70891,21.87125,19.35225,29.2283,2.59896
2016-12-24,23.79048,19.75209,20.11195,28.38864,1.9992
2016-12-25,25.46981,20.9916,18.67253,27.82886,1.83926
2016-12-26,27.02918,20.07197,16.07357,28.82846,2.75889
2016-12-27,31.42742,21.2315,17.75289,30.62774,2.75889
2016-12-28,31.42742,24.43022,18.19272,31.26749,2.59896
2016-12-29,28.2287,21.47141,18.11275,29.988,2.43902
2016-12-30,27.06917,22.43102,16.79328,30.34786,2.75889
2016-12-31,27.02918,19.67213,16.51339,26.26949,2.51899
2017-01-01,23.35065,20.75169,17.27309,26.7493,1.95921
2017-01-02,29.66813,22.35105,18.15273,34.7461,3.2387
2017-01-03,32.46701,24.63014,18.67253,34.62614,3.71851
2017-01-04,32.38704,23.27069,18.95241,33.46661,3.75849
2017-01-05,31.94722,22.9908,20.15193,33.90643,3.27868
2017-01-06,31.50739,24.43022,17.63294,30.58776,2.9988
2017-01-07,29.94802,22.63094,18.63254,31.42742,3.31867
2017-01-08,30.9876,24.27029,19.27229,28.90843,4.27828
2017-01-09,33.42662,22.59096,19.39224,33.10675,3.79848
2017-01-10,32.30707,23.27069,19.43222,34.7461,3.43862
2017-01-11,33.2267,26.78928,20.87165,32.82686,3.63854
2017-01-12,33.10675,25.66973,21.19152,31.38744,3.55857
2017-01-13,30.50779,23.71051,22.15113,31.26749,2.63894
2017-01-14,27.30907,21.87125,20.19192,32.46701,1.91923
2017-01-15,28.10875,22.11115,20.83166,35.2259,2.11915
2017-01-16,33.50659,24.2303,20.63174,31.2275,3.07876
2017-01-17,33.10675,23.43062,19.07237,33.46661,3.43862
2017-01-18,35.90563,25.70971,19.63214,33.18672,3.51859
2017-01-19,33.78648,22.63094,18.35265,32.18712,4.19832
2017-01-20,29.34826,23.07077,19.95201,30.54778,2.87884
2017-01-21,28.7485,21.39144,18.27269,32.62694,3.39864
2017-01-22,30.86765,22.55097,18.83246,30.14794,3.15873
2017-01-23,33.62654,23.03078,18.79248,30.18792,2.35905
2017-01-24,36.14554,22.11115,19.11235,33.70651,3.27868
2017-01-25,29.70811,21.59136,18.59256,30.7477,3.2387
2017-01-26,29.66813,18.55257,16.55337,26.62934,2.27908
2017-01-27,25.26989,17.35305,15.43382,23.67053,2.2391
2017-01-28,25.78968,15.63374,14.95401,24.11035,2.31907
2017-01-29,27.66893,20.31187,23.43062,27.10915,2.79888
2017-01-30,34.26629,23.59056,22.47101,31.46741,4.35825
2017-01-31,33.38664,23.11075,20.95161,31.9872,3.03878
2017-02-01,34.54618,26.14954,20.91163,32.50699,4.19832
2017-02-02,36.62534,24.03038,21.35145,33.10675,3.2387
2017-02-03,37.38504,24.47021,18.63254,32.58696,2.9988
2017-02-04,32.70691,22.87085,19.79208,29.46821,3.4786
2017-02-05,36.30547,25.34986,19.91203,33.02678,3.75849
2017-02-06,33.46661,22.47101,17.87285,30.58776,4.03838
2017-02-07,40.06397,22.39104,19.51219,33.42662,4.59816
2017-02-08,39.82407,22.91083,20.55177,31.94722,3.4786
2017-02-09,37.42502,24.27029,19.63214,32.14714,4.59816
2017-02-10,35.94562,22.15113,16.87325,29.2283,3.43862
2017-02-11,34.62614,19.2323,18.03278,28.62854,3.55857
2017-02-12,37.26509,24.43022,20.91163,32.38704,3.59856
2017-02-13,42.22311,26.46941,21.47141,32.06717,4.15833
2017-02-14,38.7445,26.42942,20.71171,30.30787,3.35865
2017-02-15,38.18472,25.26989,19.11235,30.58776,3.75849
2017-02-16,38.9844,24.71011,18.51259,30.58776,4.75809
2017-02-17,34.58616,26.50939,18.9924,29.82806,3.35865
2017-02-18,35.58576,22.95081,20.59176,29.10835,3.43862
2017-02-19,34.7461,25.10995,20.35185,36.58536,4.11835
2017-02-20,36.58536,22.9908,18.27269,34.10635,3.4786
2017-02-21,38.70451,25.42982,19.71211,33.7465,4.2383
2017-02-22,35.66573,26.54938,20.35185,35.26589,4.59816
2017-02-23,34.62614,22.59096,19.47221,33.06677,3.75849
2017-02-24,38.46461,24.71011,19.47221,34.02638,3.79848
2017-02-25,30.62774,20.39184,20.67173,30.10795,3.55857
2017-02-26,32.7469,22.79088,19.31227,30.7477,4.67812
2017-02-27,35.82566,25.58976,18.15273,30.30787,3.91843
2017-02-28,35.94562,21.75129,16.87325,28.06877,5.35785
2017-03-01,32.46701,22.63094,18.03278,30.90763,4.63814
2017-03-02,32.78688,21.15153,14.87405,30.14794,4.15833
2017-03-03,32.30707,19.63214,14.43422,28.38864,4.71811
2017-03-04,33.18672,21.95121,18.2327,28.70851,5.27788
2017-03-05,35.58576,24.07037,17.87285,30.58776,5.31787
2017-03-06,35.90563,20.59176,17.15313,29.58816,3.95841
2017-03-07,37.14514,22.79088,21.15153,31.10755,4.31827
2017-03-08,38.54458,24.43022,23.03078,32.7469,3.71851
2017-03-09,38.78448,23.87045,20.59176,31.70731,4.91803
2017-03-10,30.90763,18.75249,16.79328,26.78928,5.03798
2017-03-11,31.02758,21.47141,24.91003,28.9884,4.39824
2017-03-12,32.78688,25.50979,27.18912,32.2271,4.67812
2017-03-13,35.94562,23.03078,21.63134,29.02838,6.11755
2017-03-14,35.02598,21.2315,19.35225,31.58736,5.39784
2017-03-15,35.06597,21.59136,19.79208,27.9888,6.39744
2017-03-16,33.42662,19.39224,17.71291,29.70811,5.87764
2017-03-17,32.90683,21.51139,17.2331,27.34906,5.39784
2017-03-18,28.9884,22.15113,19.15233,27.26909,5.15793
2017-03-19,32.82686,24.31027,20.59176,31.14754,5.4778
2017-03-20,35.42582,22.15113,19.31227,31.82726,5.87764
2017-03-21,34.42622,22.75089,17.35305,32.34706,6.75729
2017-03-22,34.58616,24.79008,17.71291,31.38744,5.79768
2017-03-23,33.66653,22.47101,18.31267,33.50659,5.63774
2017-03-24,29.50819,18.35265,15.67373,28.86845,5.4778
2017-03-25,29.7481,21.79128,18.47261,31.50739,5.35785
2017-03-26,32.46701,24.31027,19.83206,34.66613,5.27788
2017-03-27,33.38664,22.63094,15.79368,29.82806,5.07796
2017-03-28,37.50499,21.39144,15.51379,31.30747,5.9976
2017-03-29,35.78568,20.71171,17.75289,31.26749,6.87724
2017-03-30,32.54698,20.15193,16.27349,30.94762,7.35705
2017-03-31,30.7477,21.75129,17.19312,28.9884,5.51779
2017-04-01,30.66773,20.71171,17.91283,28.9884,4.91803
2017-04-02,34.58616,24.03038,19.55217,30.2279,6.79728
2017-04-03,36.9852,20.83166,14.63414,28.30867,7.51699
2017-04-04,34.90603,22.35105,15.59376,29.42822,7.95681
2017-04-05,37.18512,22.59096,17.75289,34.30627,6.31747
2017-04-06,37.82487,21.15153,17.11315,31.82726,6.95721
2017-04-07,34.86605,21.63134,15.71371,29.7481,8.11675
2017-04-08,32.42702,19.67213,17.43302,28.06877,7.07716
2017-04-09,34.58616,23.95041,18.03278,31.90723,7.87684
2017-04-10,37.58496,20.95161,17.39304,29.30827,8.87644
2017-04-11,43.18272,24.07037,17.79288,30.86765,8.63654
2017-04-12,41.86325,24.87005,17.87285,33.34666,8.67652
2017-04-13,37.26509,22.95081,20.35185,32.82686,8.71651
2017-04-14,35.90563,23.2307,19.75209,30.9876,8.4766
2017-04-15,32.46701,25.82966,19.75209,39.42423,11.11555
2017-04-16,38.38464,24.79008,18.07277,38.54458,9.996
2017-04-17,44.66213,23.35065,20.2319,39.30427,8.75649
2017-04-18,39.42423,23.07077,19.67213,39.14434,9.95601
2017-04-19,39.30427,24.47021,21.2315,38.18472,9.59616
2017-04-20,38.7445,24.19032,19.55217,32.78688,7.9968
2017-04-21,37.58496,21.79128,18.31267,29.10835,8.87644
2017-04-22,33.86645,22.59096,18.75249,29.34826,7.71691
2017-04-23,38.50459,22.39104,19.75209,29.94802,9.07636
2017-04-24,38.50459,20.67173,16.83326,31.50739,9.11635
2017-04-25,36.94522,21.07157,18.75249,30.50779,8.91643
2017-04-26,38.42463,19.63214,15.71371,29.30827,9.59616
2017-04-27,35.9856,22.31107,18.2327,28.10875,10.31587
2017-04-28,33.34666,20.2319,14.55417,25.14994,9.15633
2017-04-29,35.2259,19.75209,16.15353,25.82966,8.87644
2017-04-30,31.02758,21.9912,16.59336,26.70931,10.2359
2017-05-01,34.14634,19.83206,14.51419,25.54978,9.2363
2017-05-02,37.10515,19.55217,14.79408,24.2303,11.19552
2017-05-03,32.2271,19.43222,15.91363,24.55017,11.31547
2017-05-04,31.90723,19.71211,14.67413,23.63054,11.59536
2017-05-05,29.94802,17.07317,13.51459,22.91083,8.87644
2017-05-06,32.90683,18.39264,15.63374,25.86965,8.75649
2017-05-07,32.94682,18.51259,15.15393,25.06997,8.87644
2017-05-08,31.70731,18.83246,13.9944,24.79008,9.19632
2017-05-09,34.66613,19.992,16.31347,27.58896,8.27668
2017-05-10,33.26669,17.67293,13.75449,24.91003,7.67692
2017-05-11,36.26549,19.79208,14.07437,25.58976,9.11635
2017-05-12,34.82606,18.07277,14.35425,25.9896,7.55697
2017-05-13,31.42742,18.19272,15.11395,25.90963,8.39664
2017-05-14,36.06557,20.67173,17.07317,29.02838,9.4762
2017-05-15,36.70531,22.35105,12.79488,26.46941,10.71571
2017-05-16,40.90363,19.03238,14.11435,28.30867,10.31587
2017-05-17,38.90443,21.15153,16.03358,28.14874,11.63534
2017-05-18,39.90403,20.95161,14.79408,26.42942,13.79448
2017-05-19,36.86525,20.35185,14.47421,24.47021,14.31427
2017-05-20,35.42582,18.39264,14.43422,23.9904,11.51539
2017-05-21,34.14634,21.11155,15.87365,43.9824,11.35545
2017-05-22,41.26349,20.75169,13.39464,30.58776,14.59416
2017-05-23,40.62375,19.75209,13.75449,29.7481,12.83486
2017-05-24,42.70291,21.87125,20.83166,30.54778,13.11475
2017-05-25,40.42383,21.31147,15.51379,27.94882,12.07516
2017-05-26,35.42582,21.19152,15.51379,24.67013,10.87564
2017-05-27,33.70651,20.15193,17.43302,33.94642,10.67572
2017-05-28,35.86565,21.19152,15.91363,37.06517,10.71571
2017-05-29,45.70171,20.11195,16.03358,29.2283,16.15353
2017-05-30,43.30267,20.67173,15.35385,32.02718,16.47341
2017-05-31,38.7445,20.87165,14.71411,29.18832,13.19472
2017-06-01,37.7449,19.27229,16.63334,28.9884,13.71451
2017-06-02,34.06637,19.31227,15.2339,26.94922,12.2351
2017-06-03,34.34626,18.9924,14.87405,24.99,10.43582
2017-06-04,36.70531,19.43222,15.63374,29.50819,10.9956
2017-06-05,40.70371,21.91123,15.43382,28.02878,13.71451
2017-06-06,38.66453,23.67053,17.43302,31.2275,9.31627
2017-06-07,42.38304,20.43182,17.43302,30.9876,8.87644
2017-06-08,36.2255,18.59256,15.39384,21.19152,11.55537
2017-06-09,38.18472,17.03318,14.15433,26.50939,10.55577
2017-06-10,38.38464,19.31227,15.9936,26.62934,9.67612
2017-06-11,41.86325,22.39104,17.75289,31.2275,10.55577
2017-06-12,45.10195,21.9912,16.59336,29.66813,11.63534
2017-06-13,39.984,20.75169,17.51299,30.9876,11.79528
2017-06-14,45.30187,20.47181,15.9936,29.82806,12.63494
2017-06-15,43.70251,21.67133,16.83326,29.58816,14.19432
2017-06-16,41.82327,20.95161,15.03398,28.06877,14.19432
2017-06-17,38.06477,22.07117,16.71331,27.30907,12.27508
2017-06-18,53.45861,20.75169,18.83246,30.46781,13.71451
2017-06-19,45.58176,18.63254,15.35385,27.46901,15.03398
2017-06-20,43.14274,20.67173,15.43382,27.38904,13.87445
2017-06-21,41.22351,21.03158,16.31347,28.54858,15.55377
2017-06-22,39.94402,17.79288,13.03478,27.66893,14.59416
2017-06-23,38.78448,20.07197,14.43422,25.38984,14.55417
2017-06-24,35.18592,19.03238,17.03318,25.82966,10.95561
2017-06-25,35.58576,19.91203,17.75289,27.34906,10.55577
2017-06-26,35.86565,16.79328,13.2347,24.91003,12.07516
2017-06-27,40.54378,18.55257,12.475,26.86925,12.75489
2017-06-28,39.38424,17.43302,12.475,26.14954,13.2347
2017-06-29,40.70371,18.55257,14.63414,27.9888,12.43502
2017-06-30,34.66613,17.31307,14.31427,25.50979,12.9948
2017-07-01,37.30507,18.9924,15.47381,26.42942,11.63534
2017-07-02,35.70571,18.79248,16.39344,28.30867,12.59496
2017-07-03,39.42423,18.67253,12.55497,24.63014,12.9948
2017-07-04,42.62295,20.55177,15.51379,27.86885,13.79448
2017-07-05,43.14274,17.9928,13.27469,25.7497,14.03438
2017-07-06,39.26429,17.63294,14.07437,25.42982,14.31427
2017-07-07,35.30587,15.2339,13.59456,23.19072,10.43582
2017-07-08,34.2263,15.51379,14.2343,25.18992,9.51619
2017-07-09,36.90523,17.11315,13.55457,25.46981,11.11555
2017-07-10,42.94282,15.75369,13.9944,26.38944,10.4758
2017-07-11,46.42143,17.71291,13.51459,27.7489,17.79288
2017-07-12,42.58296,16.67333,14.59416,26.46941,17.15313
2017-07-13,38.54458,15.39384,13.39464,24.39024,17.03318
2017-07-14,39.22431,17.19312,12.59496,27.62894,16.2335
2017-07-15,37.50499,15.79368,13.27469,25.70971,9.67612
2017-07-16,41.62335,16.95321,13.63454,27.10915,14.67413
2017-07-17,44.94202,17.87285,12.83486,26.90923,16.43342
2017-07-18,47.82087,17.75289,12.95481,26.30947,15.07397
2017-07-19,42.42303,17.71291,13.75449,31.46741,16.35345
2017-07-20,47.10115,17.95281,15.59376,27.30907,18.39264
2017-07-21,42.42303,17.95281,16.03358,26.70931,16.9932
2017-07-22,37.50499,15.63374,12.95481,28.34866,15.31387
2017-07-23,36.2255,17.2331,14.79408,30.2279,12.35505
2017-07-24,39.42423,19.51219,14.27429,28.30867,13.67453
2017-07-25,46.22151,19.35225,15.03398,28.62854,16.35345
2017-07-26,38.46461,18.03278,13.59456,26.18952,14.75409
2017-07-27,40.02399,17.55297,12.39504,24.75009,12.35505
2017-07-28,36.90523,18.59256,13.11475,27.82886,11.67532
2017-07-29,37.66493,16.43342,17.07317,26.70931,9.63614
2017-07-30,36.78528,18.19272,17.27309,30.9876,11.03558
2017-07-31,36.38544,18.83246,17.15313,27.62894,10.39584
2017-08-01,41.22351,18.95241,16.39344,27.82886,13.2347
2017-08-02,44.54218,19.31227,15.43382,28.02878,12.2351
2017-08-03,44.30227,17.39304,16.03358,29.06837,12.31507
2017-08-04,42.90283,17.67293,17.03318,30.18792,15.31387
2017-08-05,43.10275,18.71251,15.07397,27.62894,12.79488
2017-08-06,42.42303,18.35265,14.994,27.62894,12.07516
2017-08-07,42.94282,19.03238,15.51379,28.06877,14.75409
2017-08-08,45.22191,19.35225,15.95361,29.66813,13.27469
2017-08-09,40.86365,20.15193,16.75329,29.58816,11.79528
2017-08-10,42.22311,18.47261,16.51339,28.42862,10.63574
2017-08-11,39.38424,18.87245,16.79328,30.90763,9.95601
2017-08-12,33.70651,17.63294,14.59416,24.71011,7.9968
2017-08-13,36.18552,19.27229,16.11355,26.06957,7.477
2017-08-14,37.7449,19.51219,16.27349,27.54898,7.11715
2017-08-15,42.70291,21.19152,18.07277,31.34746,6.55737
2017-08-16,50.4998,19.75209,16.43342,28.2287,7.51699
2017-08-17,43.02279,19.51219,15.75369,27.26909,7.35705
2017-08-18,38.94442,15.87365,13.91443,28.02878,7.2371
2017-08-19,34.986,19.95201,15.63374,28.18872,7.63694
2017-08-20,41.14354,20.67173,16.75329,29.7481,7.477
2017-08-21,39.10435,20.59176,15.39384,30.94762,7.87684
2017-08-22,40.90363,20.2319,14.59416,28.34866,9.55617
2017-08-23,44.82207,20.2319,14.35425,29.14834,8.87644
2017-08-24,39.02439,17.59296,15.11395,30.26789,7.87684
2017-08-25,37.2251,20.55177,14.43422,29.62814,7.477
2017-08-26,31.86725,18.75249,16.59336,30.34786,6.51739
2017-08-27,39.58416,18.63254,16.75329,30.18792,6.55737
2017-08-28,38.34466,21.47141,14.15433,27.50899,7.39704
2017-08-29,38.90443,20.71171,17.31307,32.46701,6.27748
2017-08-30,39.26429,20.75169,15.95361,30.34786,5.75769
2017-08-31,34.18632,18.39264,15.19392,30.26789,6.03758
2017-09-01,36.82526,19.75209,15.03398,31.46741,5.91763
2017-09-02,34.70611,21.27149,17.11315,31.38744,5.91763
2017-09-03,35.78568,22.47101,18.11275,35.02598,6.67732
2017-09-04,36.50539,20.39184,14.71411,29.34826,6.2375
2017-09-05,39.02439,21.55137,17.07317,31.18752,6.31747
2017-09-06,35.86565,22.39104,18.91243,32.9868,5.71771
2017-09-07,37.66493,20.79168,18.43262,30.70771,7.83686
2017-09-08,34.94602,20.15193,16.39344,31.30747,7.55697
2017-09-09,34.70611,20.2319,15.15393,32.62694,6.39744
2017-09-10,39.18432,24.79008,19.19232,33.7465,6.19752
2017-09-11,40.46381,21.43142,17.55297,33.02678,6.11755
2017-09-12,37.14514,21.95121,17.51299,32.38704,5.39784
2017-09-13,37.50499,22.79088,17.75289,30.90763,6.35745
2017-09-14,40.06397,22.43102,17.67293,30.58776,4.91803
2017-09-15,38.9844,20.59176,15.9936,30.58776,6.19752
2017-09-16,41.66333,23.63054,18.55257,32.62694,4.39824
2017-09-17,42.06317,26.38944,21.75129,33.34666,5.75769
2017-09-18,42.26309,22.15113,17.47301,30.82766,5.63774
2017-09-19,45.90163,21.55137,18.91243,33.46661,5.27788
2017-09-20,45.38184,23.47061,17.71291,30.26789,5.9976
2017-09-21,38.22471,22.55097,19.03238,31.54738,4.998
2017-09-22,40.7437,20.47181,16.63334,30.58776,5.39784
2017-09-23,36.26549,23.07077,18.9924,32.26709,4.55817
2017-09-24,42.30307,25.82966,19.95201,34.7461,6.35745
2017-09-25,38.70451,21.71131,17.15313,30.14794,5.79768
2017-09-26,39.22431,20.9916,19.71211,33.18672,5.9976
2017-09-27,39.7441,24.11035,19.03238,33.78648,4.67812
2017-09-28,38.94442,22.07117,17.95281,30.2279,4.59816
2017-09-29,32.66693,19.59216,18.79248,28.18872,4.31827
2017-09-30,30.38784,18.71251,15.91363,26.38944,4.11835
2017-10-01,33.10675,21.9912,19.59216,28.38864,3.63854
2017-10-02,36.30547,19.2323,15.71371,27.50899,4.4782
2017-10-03,33.34666,18.43262,18.79248,28.66853,4.15833
2017-10-04,31.7473,21.07157,17.95281,30.02798,4.2383
2017-10-05,33.14674,23.35065,20.39184,32.38704,4.07836
2017-10-06,35.82566,25.90963,23.83046,35.30587,3.87844
2017-10-07,38.18472,25.10995,20.83166,35.7457,4.11835
2017-10-08,37.62495,24.2303,23.27069,32.94682,3.11875
2017-10-09,40.42383,25.06997,19.07237,35.30587,5.43782
2017-10-10,39.82407,22.19112,16.91323,30.70771,3.83846
2017-10-11,41.38344,23.19072,19.67213,34.10635,3.83846
2017-10-12,39.30427,24.19032,22.51099,34.54618,3.91843
2017-10-13,44.06237,25.54978,20.79168,36.14554,3.35865
2017-10-14,37.42502,27.26909,23.55057,33.06677,3.19872
2017-10-15,40.42383,26.62934,22.15113,35.94562,3.63854
2017-10-16,42.14314,24.47021,21.91123,36.62534,4.67812
2017-10-17,42.7429,26.78928,21.07157,35.46581,4.2383
2017-10-18,41.70331,26.9892,22.95081,35.58576,4.4782
2017-10-19,40.94362,25.54978,21.9912,34.42622,3.95841
2017-10-20,35.66573,23.83046,18.51259,30.78768,4.51819
2017-10-21,34.66613,22.55097,19.83206,32.66693,3.27868
2017-10-22,40.02399,24.67013,22.71091,35.42582,3.55857
2017-10-23,40.38384,24.91003,25.02998,34.2263,3.83846
2017-10-24,42.42303,25.7497,20.03198,37.18512,3.51859
2017-10-25,37.82487,22.59096,19.95201,35.7457,3.95841
2017-10-26,37.62495,24.99,18.71251,34.7461,3.35865
2017-10-27,34.7461,22.95081,17.83286,32.70691,3.11875
2017-10-28,32.30707,22.19112,17.07317,32.78688,2.9988
2017-10-29,36.70531,23.67053,19.35225,38.14474,3.79848
2017-10-30,37.58496,23.71051,18.95241,36.62534,3.51859
2017-10-31,34.42622,21.67133,20.91163,31.82726,3.31867
2017-11-01,35.66573,22.11115,18.19272,31.78728,3.63854
2017-11-02,37.06517,23.43062,20.19192,34.62614,3.31867
2017-11-03,35.18592,23.15073,19.71211,31.7473,3.51859
2017-11-04,37.50499,24.27029,18.87245,32.78688,2.91883
2017-11-05,37.46501,24.27029,21.11155,34.94602,3.55857
2017-11-06,35.94562,25.10995,20.15193,34.58616,3.27868
2017-11-07,40.02399,25.06997,17.11315,33.46661,3.75849
2017-11-08,39.22431,24.75009,18.67253,34.02638,3.75849
2017-11-09,33.86645,22.07117,18.43262,33.38664,3.35865
2017-11-10,29.86805,22.55097,18.95241,30.7477,3.15873
2017-11-11,29.34826,22.75089,20.95161,31.66733,2.03918
2017-11-12,30.94762,23.03078,20.19192,33.94642,2.91883
2017-11-13,32.14714,21.47141,18.67253,33.02678,3.2387
2017-11-14,33.14674,23.91043,19.07237,34.986,2.55897
2017-11-15,33.38664,24.07037,19.87205,31.66733,2.51899
2017-11-16,34.26629,26.46941,21.31147,35.54578,3.27868
2017-11-17,34.82606,23.71051,19.55217,30.38784,3.27868
2017-11-18,31.54738,28.66853,20.2319,33.78648,2.35905
2017-11-19,35.30587,28.18872,22.87085,34.82606,2.51899
2017-11-20,34.46621,29.62814,20.27189,36.70531,2.9988
2017-11-21,33.78648,26.66933,19.83206,34.14634,3.79848
2017-11-22,37.30507,30.7477,22.63094,37.38504,1.9992
2017-11-23,35.82566,28.50859,22.39104,35.50579,2.9988
2017-11-24,29.2283,25.34986,18.95241,33.30667,2.67892
2017-11-25,29.14834,22.9908,20.15193,30.9876,1.83926
2017-11-26,30.86765,27.34906,20.39184,34.58616,2.15913
2017-11-27,36.2255,25.50979,18.91243,31.46741,3.11875
2017-11-28,35.86565,25.54978,20.15193,33.06677,3.83846
2017-11-29,34.70611,26.46941,19.79208,31.66733,3.39864
2017-11-30,30.94762,25.50979,20.51179,34.78608,2.2391
2017-12-01,27.7489,23.83046,18.79248,32.62694,1.95921
2017-12-02,28.30867,26.94922,22.95081,32.50699,2.15913
2017-12-03,33.2267,29.62814,35.2259,36.86525,2.63894
2017-12-04,31.46741,26.02958,23.15073,36.38544,2.9988
2017-12-05,30.86765,27.30907,25.14994,36.70531,3.07876
2017-12-06,34.18632,28.90843,24.39024,37.10515,2.43902
2017-12-07,33.78648,27.02918,22.9908,36.58536,2.71891
2017-12-08,29.58816,24.95001,21.35145,32.14714,2.63894
2017-12-09,29.90803,27.10915,24.15033,35.26589,2.87884
2017-12-10,34.18632,30.82766,26.9892,41.66333,2.87884
2017-12-11,33.94642,31.86725,23.55057,37.66493,2.15913
2017-12-12,34.10635,28.14874,22.19112,36.26549,2.19912
2017-12-13,33.54658,27.34906,24.27029,36.42542,2.11915
2017-12-14,32.9868,23.51059,22.83086,35.06597,2.51899
2017-12-15,32.18712,22.35105,21.83126,32.46701,2.75889
2017-12-16,30.54778,25.2299,22.55097,33.70651,2.59896
2017-12-17,34.26629,35.14594,27.02918,38.02479,1.95921
2017-12-18,35.7457,24.91003,20.39184,30.70771,2.2391
2017-12-19,29.988,26.62934,21.31147,32.9868,3.07876
2017-12-20,32.78688,22.75089,21.55137,34.06637,2.35905
2017-12-21,32.58696,23.91043,19.55217,32.26709,2.39904
2017-12-22,30.9876,25.66973,18.63254,28.9884,2.31907
2017-12-23,31.10755,24.31027,18.31267,28.66853,2.15913
2017-12-24,30.14794,24.15033,21.87125,31.42742,2.51899
2017-12-25,30.30787,24.79008,22.55097,33.58656,2.79888
2017-12-26,34.46621,23.31067,21.03158,29.82806,2.11915
2017-12-27,32.46701,24.15033,22.55097,34.14634,3.67852
2017-12-28,30.42782,24.43022,22.63094,34.82606,2.2391
2017-12-29,31.02758,22.9908,18.19272,30.38784,3.27868
2017-12-30,29.7481,21.43142,18.31267,30.7477,3.19872
2017-12-31,33.30667,24.03038,19.55217,33.50659,3.91843
2018-01-01,30.58776,23.71051,20.27189,31.34746,2.67892
2018-01-02,35.50579,22.15113,17.95281,31.02758,3.67852
2018-01-03,39.984,25.58976,21.51139,34.2263,4.35825
2018-01-04,42.46301,25.62974,21.27149,36.34546,3.51859
2018-01-05,35.06597,23.03078,19.67213,32.46701,3.59856
2018-01-06,33.10675,27.26909,22.9908,35.38584,2.91883
2018-01-07,34.94602,26.54938,19.59216,32.66693,3.15873
2018-01-08,37.42502,24.2303,20.63174,34.50619,3.07876
2018-01-09,38.94442,26.7493,22.07117,41.58336,3.71851
2018-01-10,34.66613,26.54938,24.11035,39.984,3.27868
2018-01-11,36.26549,27.62894,24.19032,41.9832,3.67852
2018-01-12,35.30587,26.94922,23.03078,39.06437,2.35905
2018-01-13,36.38544,30.2279,25.66973,37.50499,2.59896
2018-01-14,35.7457,29.58816,22.15113,40.10395,3.63854
2018-01-15,34.986,24.87005,20.2319,37.90483,3.11875
2018-01-16,33.58656,28.18872,20.79168,41.78328,3.2387
2018-01-17,34.94602,29.18832,20.9916,37.18512,4.19832
2018-01-18,38.42463,26.38944,21.59136,37.7449,3.79848
2018-01-19,35.9856,27.78888,21.79128,37.14514,3.95841
2018-01-20,33.14674,26.02958,22.19112,35.10595,3.07876
2018-01-21,35.18592,28.34866,22.55097,37.26509,3.55857
2018-01-22,47.18112,29.34826,22.63094,36.50539,6.03758
2018-01-23,43.78248,28.78848,22.83086,38.54458,5.03798
2018-01-24,36.90523,28.78848,24.39024,40.7437,4.67812
2018-01-25,41.14354,30.38784,24.2303,41.58336,3.91843
2018-01-26,35.34586,26.90923,21.75129,39.46421,3.55857
2018-01-27,37.14514,28.86845,21.35145,39.34426,2.87884
2018-01-28,38.14474,31.18752,21.95121,43.42263,3.71851
2018-01-29,37.9848,28.02878,22.19112,41.54338,3.35865
2018-01-30,38.78448,29.06837,22.11115,39.90403,3.43862
2018-01-31,37.94482,26.58936,20.2319,38.90443,2.91883
2018-02-01,40.18392,26.2295,21.63134,35.94562,4.63814
2018-02-02,40.70371,24.55017,20.9916,35.42582,3.4786
2018-02-03,33.50659,24.27029,20.51179,34.82606,3.35865
2018-02-04,38.9844,27.06917,23.11075,39.26429,3.31867
2018-02-05,39.26429,25.78968,20.2319,38.82447,3.15873
2018-02-06,38.7445,24.71011,20.11195,37.02518,3.75849
2018-02-07,37.78488,22.91083,19.75209,33.7465,4.91803
2018-02-08,35.54578,21.15153,16.91323,32.26709,4.19832
2018-02-09,34.10635,23.83046,18.55257,34.30627,4.35825
2018-02-10,32.66693,30.94762,20.03198,31.42742,4.07836
2018-02-11,39.90403,28.10875,20.83166,35.70571,3.2387
2018-02-12,42.70291,28.82846,21.91123,35.30587,3.39864
2018-02-13,39.18432,23.91043,20.03198,33.58656,3.59856
2018-02-14,37.34506,21.47141,21.11155,29.06837,3.4786
2018-02-15,32.9868,22.39104,17.07317,29.988,2.83886
2018-02-16,34.7461,21.07157,16.39344,30.10795,3.11875
2018-02-17,38.14474,26.26949,20.07197,33.90643,2.55897
2018-02-18,40.58376,26.34946,20.27189,35.50579,3.11875
2018-02-19,39.46421,24.59016,17.11315,36.10555,3.83846
2018-02-20,36.26549,26.7493,18.55257,36.70531,3.79848
2018-02-21,36.38544,28.26869,20.9916,37.70491,4.75809
2018-02-22,36.90523,23.11075,18.9924,37.42502,4.35825
2018-02-23,32.34706,24.47021,17.07317,35.46581,2.79888
2018-02-24,36.18552,23.39064,19.15233,33.02678,4.07836
2018-02-25,33.10675,24.27029,19.39224,36.66533,4.83806
2018-02-26,36.30547,24.51019,19.43222,37.26509,4.71811
2018-02-27,34.26629,25.02998,19.31227,37.10515,5.67772
2018-02-28,37.62495,23.59056,19.55217,38.50459,4.27828
2018-03-01,38.30467,24.67013,20.95161,37.82487,3.67852
2018-03-02,34.7461,20.51179,17.2331,32.42702,4.43822
2018-03-03,34.06637,20.67173,18.87245,32.26709,5.19792
2018-03-04,37.94482,21.95121,18.79248,35.14594,6.2375
2018-03-05,34.58616,18.95241,15.75369,32.02718,4.11835
2018-03-06,40.66373,21.2315,14.87405,33.58656,6.95721
2018-03-07,38.94442,20.2319,17.87285,30.7477,4.67812
2018-03-08,38.10475,23.03078,18.43262,35.86565,4.91803
2018-03-09,37.46501,18.19272,16.59336,31.82726,4.55817
2018-03-10,36.46541,21.71131,17.87285,36.94522,5.83766
2018-03-11,41.70331,28.14874,22.71091,40.38384,6.71731
2018-03-12,36.10555,23.71051,18.15273,32.9868,7.19712
2018-03-13,38.82447,23.35065,17.67293,33.94642,7.19712
2018-03-14,43.34266,20.27189,15.83366,33.14674,9.15633
2018-03-15,42.86285,22.67093,18.95241,34.70611,6.27748
2018-03-16,41.58336,24.51019,19.31227,35.82566,6.51739
2018-03-17,36.02558,24.71011,19.75209,33.62654,6.35745
2018-03-18,37.82487,23.43062,20.2319,35.9856,6.19752
2018-03-19,41.58336,24.11035,19.31227,39.06437,6.35745
2018-03-20,38.78448,24.07037,17.95281,37.66493,7.71691
2018-03-21,39.82407,26.30947,19.63214,38.42463,5.2379
2018-03-22,37.7449,22.43102,17.43302,38.18472,6.95721
2018-03-23,37.26509,20.59176,17.2331,35.02598,7.31707
2018-03-24,32.82686,21.75129,17.83286,34.14634,6.63734
2018-03-25,35.34586,24.07037,19.35225,37.38504,7.83686
2018-03-26,42.30307,23.47061,17.03318,36.70531,8.11675
2018-03-27,38.42463,21.67133,16.63334,36.94522,9.35625
2018-03-28,37.30507,19.67213,16.15353,34.34626,8.43662
2018-03-29,37.2251,20.87165,15.95361,35.18592,9.27628
2018-03-30,34.46621,21.27149,17.15313,32.26709,8.35665
2018-03-31,33.10675,20.75169,17.71291,30.78768,7.71691
2018-04-01,34.986,20.03198,18.07277,34.34626,7.63694
2018-04-02,39.22431,17.91283,14.87405,33.62654,9.39624
2018-04-03,39.18432,20.91163,15.15393,34.14634,11.67532
2018-04-04,35.94562,21.11155,17.51299,34.46621,7.71691
2018-04-05,36.86525,23.11075,18.2327,37.62495,6.59736
2018-04-06,38.46461,25.38984,19.63214,33.18672,9.79608
2018-04-07,33.46661,24.03038,21.91123,35.26589,5.79768
2018-04-08,35.78568,24.07037,21.75129,39.10435,6.19752
2018-04-09,38.54458,23.9904,21.2315,39.02439,7.19712
2018-04-10,39.7441,22.15113,17.51299,34.26629,8.27668
2018-04-11,39.90403,23.03078,19.992,36.58536,9.03638
2018-04-12,38.18472,23.75049,17.27309,36.78528,8.71651
2018-04-13,36.9852,22.15113,19.43222,34.50619,7.95681
2018-04-14,34.7461,26.10955,24.2303,36.58536,5.27788
2018-04-15,35.38584,23.75049,21.35145,37.14514,6.79728
2018-04-16,40.90363,22.39104,19.43222,35.30587,8.75649
2018-04-17,42.62295,22.51099,18.71251,40.58376,8.91643
2018-04-18,45.02199,22.95081,18.59256,33.94642,9.63614
2018-04-19,76.16953,22.55097,18.75249,37.66493,9.91603
2018-04-20,48.46061,20.55177,17.03318,36.10555,11.43542
2018-04-21,52.13914,22.95081,20.03198,35.2259,10.55577
2018-04-22,49.66013,28.62854,25.54978,39.02439,9.07636
2018-04-23,42.82287,27.70891,20.47181,39.34426,8.11675
2018-04-24,44.78208,24.83006,20.95161,38.02479,6.59736
2018-04-25,41.62335,23.19072,17.19312,35.38584,9.55617
2018-04-26,38.46461,20.79168,17.91283,33.82646,9.31627
2018-04-27,36.26549,20.91163,15.67373,28.46861,7.79688
2018-04-28,29.46821,20.07197,18.31267,29.02838,7.27708
2018-04-29,33.78648,22.79088,17.87285,29.70811,9.87604
2018-04-30,35.70571,19.27229,14.63414,29.38824,10.75569
2018-05-01,33.06677,20.2319,15.67373,29.7481,10.19592
2018-05-02,36.46541,24.55017,16.55337,32.82686,7.59696
2018-05-03,36.90523,21.35145,16.31347,33.14674,9.11635
2018-05-04,33.82646,18.19272,16.55337,29.42822,7.19712
2018-05-05,31.54738,17.95281,15.75369,27.42902,7.07716
2018-05-06,33.62654,18.87245,18.51259,31.18752,7.83686
2018-05-07,40.02399,24.67013,15.79368,32.42702,9.35625
2018-05-08,46.14154,20.67173,14.75409,31.02758,9.83606
2018-05-09,39.10435,20.91163,16.03358,33.78648,10.9956
2018-05-10,39.26429,21.19152,15.39384,30.9876,9.55617
2018-05-11,36.30547,20.39184,15.15393,30.2279,10.15593
2018-05-12,35.58576,22.07117,15.95361,33.58656,7.11715
2018-05-13,38.10475,19.992,15.63374,31.9872,9.15633
2018-05-14,40.82367,20.55177,13.83446,30.54778,11.31547
2018-05-15,45.10195,21.2315,13.95441,28.70851,15.35385
2018-05-16,44.66213,22.15113,14.59416,31.86725,12.91483
2018-05-17,35.9856,18.31267,22.9908,28.70851,10.71571
2018-05-18,50.09996,21.55137,15.47381,27.26909,8.87644
2018-05-19,35.94562,18.75249,14.59416,26.70931,7.51699
2018-05-20,36.30547,20.31187,15.83366,28.2287,8.9964
2018-05-21,39.02439,20.83166,14.59416,29.38824,10.9956
2018-05-22,39.02439,20.39184,15.39384,32.18712,9.03638
2018-05-23,40.82367,19.35225,13.9944,29.46821,10.11595
2018-05-24,42.54298,19.55217,15.31387,28.7485,14.43422
2018-05-25,38.18472,18.27269,12.75489,30.38784,12.79488
2018-05-26,36.86525,18.47261,14.994,29.30827,12.31507
2018-05-27,37.46501,20.07197,15.47381,31.54738,9.2363
2018-05-28,40.66373,18.39264,14.67413,29.70811,13.71451
2018-05-29,43.22271,21.67133,15.19392,32.70691,13.51459
2018-05-30,43.46261,20.2319,13.9944,30.10795,13.11475
2018-05-31,40.38384,18.63254,14.35425,29.66813,12.15513
2018-06-01,38.78448,16.91323,12.71491,29.10835,13.51459
2018-06-02,36.2255,18.75249,14.79408,27.78888,13.51459
2018-06-03,45.02199,18.31267,14.51419,30.70771,14.55417
2018-06-04,40.90363,18.95241,13.39464,28.34866,15.67373
2018-06-05,42.58296,19.63214,14.31427,30.58776,15.87365
2018-06-06,41.22351,18.63254,15.9936,32.2271,16.51339
2018-06-07,45.30187,18.47261,14.71411,29.30827,15.43382
2018-06-08,38.94442,18.03278,13.91443,27.66893,13.19472
2018-06-09,34.58616,18.87245,15.35385,26.78928,11.79528
2018-06-10,36.90523,20.95161,17.43302,28.62854,11.91523
2018-06-11,40.46381,19.992,14.63414,29.82806,12.31507
2018-06-12,43.26269,20.63174,15.83366,32.46701,12.475
2018-06-13,39.78408,21.11155,18.67253,32.86685,12.475
2018-06-14,39.78408,19.71211,15.27389,32.14714,12.15513
2018-06-15,34.2263,18.07277,13.79448,30.10795,10.95561
2018-06-16,33.78648,19.95201,17.83286,28.34866,11.35545
2018-06-17,38.10475,19.75209,15.95361,31.66733,12.91483
2018-06-18,37.82487,18.67253,12.35505,28.62854,14.39424
2018-06-19,39.14434,18.47261,13.2347,29.54818,12.31507
2018-06-20,41.30347,19.75209,14.71411,28.42862,13.9944
2018-06-21,43.66253,18.39264,13.19472,28.38864,15.27389
2018-06-22,39.34426,18.9924,13.39464,27.14914,14.2343
2018-06-23,35.62574,21.35145,14.67413,26.86925,11.11555
2018-06-24,34.62614,22.35105,15.03398,27.42902,13.87445
2018-06-25,37.30507,21.11155,12.95481,30.50779,16.75329
2018-06-26,35.78568,19.31227,12.91483,30.42782,11.71531
2018-06-27,37.66493,20.47181,14.43422,29.46821,11.83526
2018-06-28,32.94682,21.19152,11.79528,26.58936,9.87604
2018-06-29,35.78568,21.19152,13.2347,28.54858,11.75529
2018-06-30,34.90603,22.87085,15.11395,32.7469,10.95561
2018-07-01,35.02598,23.67053,13.9944,31.58736,9.87604
2018-07-02,38.90443,21.15153,14.19432,30.14794,10.35585
2018-07-03,39.94402,21.11155,14.2343,30.58776,13.75449
2018-07-04,38.02479,19.95201,13.15473,28.42862,16.95321
2018-07-05,37.86485,21.07157,14.55417,28.86845,13.19472
2018-07-06,34.94602,18.39264,15.27389,29.70811,10.07596
2018-07-07,36.58536,19.35225,13.2347,28.90843,9.83606
2018-07-08,34.986,18.79248,13.83446,27.58896,9.43622
2018-07-09,36.10555,18.27269,12.83486,28.78848,10.75569
2018-07-10,39.82407,19.43222,12.63494,27.34906,12.63494
2018-07-11,35.82566,20.43182,12.79488,28.70851,14.15433
2018-07-12,37.66493,19.67213,11.95521,28.66853,18.19272
2018-07-13,38.7445,18.59256,12.91483,28.86845,17.51299
2018-07-14,36.78528,17.35305,12.07516,25.82966,15.15393
2018-07-15,37.14514,18.75249,14.71411,26.34946,17.27309
2018-07-16,40.62375,17.43302,12.27508,27.38904,21.95121
2018-07-17,40.18392,18.59256,12.59496,27.78888,20.07197
2018-07-18,43.34266,20.67173,13.15473,26.66933,22.03118
2018-07-19,43.14274,18.95241,12.95481,24.67013,22.43102
2018-07-20,38.66453,18.75249,12.35505,24.35025,19.35225
2018-07-21,36.94522,21.2315,12.43502,27.2291,15.19392
2018-07-22,38.86445,31.30747,13.2347,29.30827,19.31227
2018-07-23,41.86325,21.15153,11.83526,26.86925,23.27069
2018-07-24,40.66373,20.55177,14.75409,28.62854,23.35065
2018-07-25,40.34386,21.03158,13.95441,25.94962,20.59176
2018-07-26,42.46301,22.47101,13.03478,30.06797,20.35185
2018-07-27,38.94442,18.9924,13.03478,26.38944,16.59336
2018-07-28,35.30587,16.83326,14.39424,26.26949,13.07477
2018-07-29,33.10675,17.83286,13.79448,25.94962,12.83486
2018-07-30,38.26469,20.07197,13.51459,28.46861,14.75409
2018-07-31,39.78408,20.67173,13.75449,28.42862,15.2339
2018-08-01,39.30427,22.75089,14.31427,26.46941,16.79328
2018-08-02,40.18392,21.03158,13.11475,25.58976,19.79208
2018-08-03,39.06437,20.75169,13.79448,28.9884,14.79408
2018-08-04,34.78608,19.51219,13.47461,25.06997,12.63494
2018-08-05,35.9856,20.19192,13.43462,25.62974,13.91443
2018-08-06,39.22431,21.31147,14.11435,26.86925,14.67413
2018-08-07,42.22311,21.07157,14.67413,28.26869,13.35465
2018-08-08,44.10235,22.11115,13.9944,30.06797,15.11395
2018-08-09,34.42622,21.51139,14.11435,31.82726,13.35465
2018-08-10,38.54458,21.11155,15.27389,28.54858,12.9948
2018-08-11,39.94402,20.15193,15.47381,28.10875,10.31587
2018-08-12,39.984,20.95161,15.59376,28.86845,11.55537
2018-08-13,37.9848,20.67173,14.91403,26.7493,11.51539
2018-08-14,38.26469,20.87165,14.83406,28.30867,12.43502
2018-08-15,39.38424,21.67133,15.27389,28.62854,11.19552
2018-08-16,38.10475,20.27189,12.51499,25.7497,10.27588
2018-08-17,35.10595,23.27069,13.55457,27.06917,9.27628
2018-08-18,38.06477,18.43262,14.95401,25.82966,7.477
2018-08-19,37.30507,22.31107,15.11395,26.62934,10.07596
2018-08-20,37.90483,18.43262,14.71411,26.06957,10.27588
2018-08-21,36.46541,22.27109,13.9944,27.46901,10.07596
2018-08-22,40.7437,20.27189,15.39384,28.82846,10.59576
2018-08-23,36.86525,19.03238,13.9944,26.86925,10.31587
2018-08-24,37.86485,19.2323,15.63374,26.94922,8.2367
2018-08-25,35.82566,20.55177,14.75409,27.02918,7.19712
2018-08-26,35.86565,20.83166,16.27349,29.06837,8.31667
2018-08-27,35.14594,20.35185,15.59376,28.02878,6.71731
2018-08-28,36.86525,20.35185,13.51459,29.90803,7.59696
2018-08-29,36.66533,21.71131,14.79408,29.7481,7.27708
2018-08-30,34.2263,20.39184,13.55457,29.58816,8.71651
2018-08-31,33.34666,19.47221,14.994,28.34866,7.35705
2018-09-01,30.26789,20.11195,14.55417,25.42982,6.2375
2018-09-02,35.82566,22.07117,14.35425,26.86925,5.9976
2018-09-03,39.10435,20.43182,13.95441,27.06917,6.19752
2018-09-04,40.02399,20.51179,13.55457,25.78968,7.11715
2018-09-05,36.50539,19.83206,15.31387,28.34866,6.9972
2018-09-06,37.82487,20.43182,14.71411,27.34906,7.51699
2018-09-07,31.14754,19.07237,17.19312,25.90963,6.35745
2018-09-08,33.34666,22.87085,19.95201,29.14834,4.63814
2018-09-09,35.34586,23.07077,20.19192,31.86725,4.79808
2018-09-10,35.34586,19.992,15.47381,26.90923,6.59736
2018-09-11,36.78528,22.19112,17.11315,30.90763,6.19752
2018-09-12,46.70131,23.63054,15.55377,30.62774,6.55737
2018-09-13,44.82207,24.43022,17.79288,30.94762,7.19712
2018-09-14,41.70331,22.35105,16.43342,29.54818,6.03758
2018-09-15,37.54498,23.31067,17.9928,31.9872,5.83766
2018-09-16,35.66573,22.31107,18.95241,29.7481,6.03758
2018-09-17,40.54378,21.91123,16.9932,31.38744,6.63734
2018-09-18,35.82566,21.15153,16.83326,28.58856,7.11715
2018-09-19,35.66573,19.67213,16.11355,26.70931,5.35785
2018-09-20,35.50579,19.55217,18.11275,28.62854,4.95801
2018-09-21,32.18712,20.95161,16.11355,25.58976,4.75809
2018-09-22,35.54578,18.83246,15.51379,25.70971,4.51819
2018-09-23,28.14874,20.35185,16.35345,24.15033,4.91803
2018-09-24,27.70891,17.47301,16.07357,26.26949,4.19832
2018-09-25,30.86765,23.07077,18.27269,29.38824,4.91803
2018-09-26,34.46621,24.15033,18.11275,29.10835,5.11795
2018-09-27,37.46501,22.51099,19.75209,30.38784,5.67772
2018-09-28,34.62614,21.63134,18.75249,32.46701,4.71811
2018-09-29,32.86685,23.39064,18.67253,29.90803,4.79808
2018-09-30,34.86605,24.31027,21.95121,32.9868,4.35825
2018-10-01,36.50539,22.91083,18.2327,32.30707,3.83846
2018-10-02,34.62614,25.34986,17.39304,29.66813,4.35825
2018-10-03,100,24.19032,18.63254,33.10675,5.71771
2018-10-04,39.38424,24.27029,18.27269,30.58776,4.75809
2018-10-05,37.26509,24.47021,18.27269,31.02758,4.87804
2018-10-06,34.14634,23.55057,19.83206,30.02798,4.31827
2018-10-07,32.94682,24.71011,20.9916,30.90763,3.75849
2018-10-08,38.06477,25.38984,20.03198,34.10635,5.31787
2018-10-09,36.38544,27.50899,23.03078,35.26589,4.39824
2018-10-10,39.38424,25.62974,23.2307,36.10555,4.35825
2018-10-11,34.46621,29.30827,22.35105,33.54658,4.75809
2018-10-12,33.14674,23.91043,17.79288,34.2263,3.95841
2018-10-13,34.54618,26.06957,22.47101,32.50699,3.55857
2018-10-14,32.2271,28.82846,23.87045,32.7469,4.35825
2018-10-15,38.42463,27.66893,20.03198,35.18592,4.11835
2018-10-16,36.34546,25.46981,19.2323,34.42622,4.79808
2018-10-17,35.34586,25.58976,18.47261,33.62654,4.51819
2018-10-18,38.54458,27.02918,20.39184,32.34706,4.63814
2018-10-19,37.02518,23.95041,20.19192,29.50819,3.95841
2018-10-20,33.2267,23.43062,20.55177,32.38704,4.07836
2018-10-21,42.86285,25.58976,20.63174,31.62734,4.95801
2018-10-22,37.34506,25.62974,19.75209,32.62694,4.43822
2018-10-23,36.34546,27.9888,21.2315,35.18592,4.63814
2018-10-24,37.90483,26.78928,20.19192,33.58656,4.51819
2018-10-25,32.86685,22.83086,18.95241,30.94762,5.07796
2018-10-26,34.46621,25.7497,18.55257,30.34786,4.15833
2018-10-27,31.02758,26.18952,20.71171,33.50659,3.63854
2018-10-28,35.90563,24.95001,19.75209,33.14674,3.4786
2018-10-29,38.70451,25.42982,19.11235,35.02598,4.67812
2018-10-30,37.66493,29.62814,18.87245,35.34586,3.95841
2018-10-31,34.30627,25.2299,19.19232,33.46661,3.43862
2018-11-01,33.90643,24.87005,17.79288,29.54818,4.4782
2018-11-02,35.30587,21.59136,17.03318,28.42862,3.91843
2018-11-03,31.70731,25.10995,17.27309,30.9876,5.43782
2018-11-04,30.62774,26.7493,21.31147,33.30667,4.75809
2018-11-05,37.90483,25.34986,18.63254,32.7469,4.91803
2018-11-06,37.46501,25.90963,18.47261,30.14794,4.31827
2018-11-07,37.18512,29.46821,19.67213,34.62614,4.59816
2018-11-08,38.26469,27.9888,20.55177,33.42662,3.03878
2018-11-09,35.30587,25.26989,18.19272,32.30707,4.11835
2018-11-10,34.26629,24.31027,18.51259,29.50819,3.31867
2018-11-11,32.66693,24.95001,18.2327,31.38744,2.55897
2018-11-12,34.78608,22.75089,18.07277,29.78808,3.91843
2018-11-13,40.10395,25.42982,16.75329,30.26789,3.87844
2018-11-14,35.94562,24.71011,15.83366,32.7469,4.4782
2018-11-15,34.7461,25.18992,18.63254,31.62734,4.55817
2018-11-16,29.82806,24.79008,18.03278,31.50739,4.11835
2018-11-17,29.46821,25.94962,18.31267,32.94682,4.59816
2018-11-18,31.30747,25.06997,19.31227,32.42702,4.63814
2018-11-19,42.50299,23.79048,19.19232,30.94762,5.07796
2018-11-20,35.9856,23.9904,16.59336,32.18712,4.19832
2018-11-21,33.42662,25.30987,16.9932,31.90723,4.35825
2018-11-22,35.66573,26.2295,18.95241,34.2263,3.35865
2018-11-23,32.9868,23.75049,16.27349,30.66773,3.95841
2018-11-24,30.2279,25.38984,21.47141,31.26749,3.11875
2018-11-25,37.18512,24.39024,21.39144,34.7461,3.39864
2018-11-26,33.62654,25.86965,19.07237,30.02798,3.51859
2018-11-27,35.02598,25.26989,19.15233,32.90683,3.75849
2018-11-28,37.10515,27.70891,20.83166,32.86685,3.87844
2018-11-29,34.50619,27.34906,18.95241,34.90603,3.2387
2018-11-30,30.90763,23.87045,18.59256,31.62734,3.87844
2018-12-01,29.10835,26.54938,21.07157,34.34626,4.11835
2018-12-02,39.94402,24.63014,20.03198,35.10595,3.31867
2018-12-03,38.62455,24.95001,18.79248,33.50659,4.19832
2018-12-04,38.62455,25.54978,20.43182,33.42662,4.03838
2018-12-05,35.86565,25.54978,20.47181,33.86645,4.07836
2018-12-06,36.86525,26.46941,20.59176,34.70611,3.83846
2018-12-07,32.18712,24.55017,17.83286,32.70691,2.95881
2018-12-08,29.86805,26.26949,21.71131,35.54578,3.43862
2018-12-09,35.2259,28.78848,24.79008,38.02479,2.75889
2018-12-10,33.86645,26.2295,18.79248,33.42662,3.87844
2018-12-11,32.38704,26.70931,21.03158,35.78568,4.03838
2018-12-12,32.90683,24.19032,20.35185,36.10555,4.35825
2018-12-13,34.66613,24.39024,20.47181,35.78568,3.43862
2018-12-14,34.50619,24.03038,18.11275,32.58696,3.11875
2018-12-15,36.54538,22.75089,18.91243,35.82566,4.59816
2018-12-16,37.86485,25.26989,21.79128,38.34466,4.07836
2018-12-17,34.54618,23.31067,17.35305,32.06717,4.55817
2018-12-18,37.46501,24.31027,18.79248,33.58656,4.51819
2018-12-19,32.90683,21.67133,16.91323,31.2275,5.2379
2018-12-20,33.9864,21.91123,17.31307,33.86645,4.35825
2018-12-21,27.18912,19.15233,15.35385,30.62774,4.15833
2018-12-22,25.9896,21.83126,18.19272,29.14834,4.67812
2018-12-23,26.30947,22.39104,18.59256,33.70651,3.43862
2018-12-24,27.06917,18.63254,16.67333,28.62854,3.71851
2018-12-25,26.82926,20.91163,19.27229,29.50819,3.79848
2018-12-26,29.46821,21.47141,17.27309,27.78888,3.79848
2018-12-27,30.66773,21.63134,18.79248,31.50739,3.95841
2018-12-28,31.02758,21.59136,17.71291,32.46701,3.91843
2018-12-29,28.2287,22.75089,19.07237,31.90723,4.35825
2018-12-30,29.50819,22.39104,18.63254,32.86685,3.83846
2018-12-31,27.30907,21.39144,18.67253,32.82686,2.95881
2019-01-01,25.42982,23.19072,17.67293,31.9872,4.15833
2019-01-02,30.50779,20.95161,16.03358,33.02678,4.39824
2019-01-03,32.62694,24.79008,20.75169,35.66573,4.95801
2019-01-04,32.06717,24.91003,21.75129,33.34666,5.15793
2019-01-05,34.66613,25.06997,20.47181,33.2267,3.63854
2019-01-06,33.54658,25.82966,20.55177,37.86485,3.91843
2019-01-07,36.42542,25.54978,17.67293,36.14554,4.998
2019-01-08,33.66653,26.58936,20.03198,38.66453,4.4782
2019-01-09,33.78648,24.15033,19.79208,36.66533,5.11795
2019-01-10,32.94682,26.54938,21.19152,35.78568,5.19792
2019-01-11,33.38664,25.34986,19.47221,36.42542,5.9976
2019-01-12,27.90883,22.59096,19.63214,33.86645,5.51779
2019-01-13,31.34746,25.78968,20.03198,33.34666,5.19792
2019-01-14,35.90563,23.03078,18.51259,32.30707,6.83726
2019-01-15,32.10715,23.11075,19.2323,36.34546,4.91803
2019-01-16,33.94642,24.15033,19.95201,36.34546,5.67772
2019-01-17,33.18672,24.67013,20.19192,38.82447,5.95761
2019-01-18,33.90643,25.30987,19.83206,36.30547,5.43782
2019-01-19,29.94802,24.51019,18.43262,35.62574,6.07756
2019-01-20,43.9824,23.27069,19.79208,36.02558,5.63774
2019-01-21,38.38464,19.91203,16.95321,33.46661,6.03758
2019-01-22,33.70651,22.83086,18.35265,37.94482,5.79768
2019-01-23,34.986,22.75089,17.15313,36.14554,6.03758
2019-01-24,33.18672,22.31107,17.95281,32.14714,5.75769
2019-01-25,32.50699,23.03078,18.75249,34.06637,5.79768
2019-01-26,29.66813,21.11155,17.83286,33.2267,4.91803
2019-01-27,31.06757,21.27149,20.67173,34.46621,5.51779
2019-01-28,36.78528,22.15113,18.9924,34.42622,5.19792
2019-01-29,35.06597,21.79128,19.75209,36.66533,5.35785
2019-01-30,31.50739,19.75209,16.95321,33.82646,7.11715
2019-01-31,27.46901,19.31227,18.15273,30.54778,5.19792
2019-02-01,27.9888,18.95241,18.67253,31.70731,4.19832
2019-02-02,27.94882,18.75249,18.71251,32.58696,4.35825
2019-02-03,26.38944,19.39224,18.79248,34.50619,4.07836
2019-02-04,27.90883,21.2315,17.31307,32.46701,5.71771
2019-02-05,31.54738,18.55257,18.75249,33.78648,4.998
2019-02-06,31.30747,21.67133,21.87125,36.06557,6.03758
2019-02-07,32.62694,23.03078,19.15233,38.30467,5.43782
2019-02-08,33.26669,23.15073,23.07077,35.82566,7.59696
2019-02-09,32.14714,25.14994,24.03038,37.70491,6.39744
2019-02-10,34.986,24.83006,25.18992,37.50499,5.63774
2019-02-11,35.9856,23.07077,21.63134,34.58616,5.95761
2019-02-12,34.66613,22.59096,20.59176,37.78488,6.75729
2019-02-13,34.86605,23.59056,21.43142,36.34546,8.03678
2019-02-14,31.7473,22.07117,21.2315,32.90683,6.83726
2019-02-15,31.18752,20.63174,19.75209,31.54738,5.95761
2019-02-16,30.10795,20.63174,21.9912,33.18672,4.2383
2019-02-17,33.2267,23.27069,20.87165,38.02479,6.11755
2019-02-18,35.7457,22.55097,20.71171,38.30467,5.91763
2019-02-19,37.26509,24.99,19.11235,37.78488,6.95721
2019-02-20,35.46581,23.71051,20.11195,33.78648,6.55737
2019-02-21,35.70571,23.39064,21.75129,34.38624,7.03718
2019-02-22,31.70731,22.67093,20.91163,34.42622,7.55697
2019-02-23,30.02798,23.11075,21.2315,38.42463,9.35625
2019-02-24,31.82726,23.11075,21.03158,37.78488,8.75649
2019-02-25,32.90683,24.03038,19.55217,36.06557,6.67732
2019-02-26,34.50619,22.55097,19.91203,29.30827,8.59656
2019-02-27,34.58616,20.9916,18.9924,31.66733,8.2367
2019-02-28,31.62734,21.71131,19.75209,30.94762,7.59696
2019-03-01,29.26829,24.63014,19.59216,35.14594,8.4766
2019-03-02,30.34786,23.2307,20.07197,34.34626,8.83646
2019-03-03,32.18712,22.11115,18.59256,30.78768,8.11675
2019-03-04,31.86725,18.55257,14.75409,29.82806,8.2367
2019-03-05,33.58656,21.35145,14.994,27.90883,8.39664
2019-03-06,31.82726,21.63134,16.67333,29.70811,8.11675
2019-03-07,34.02638,19.07237,15.75369,30.42782,9.15633
2019-03-08,32.66693,19.75209,15.91363,27.78888,8.59656
2019-03-09,27.30907,20.19192,18.39264,30.94762,7.63694
2019-03-10,32.66693,21.95121,19.35225,31.54738,7.07716
2019-03-11,35.9856,20.59176,16.15353,30.78768,7.71691
2019-03-12,33.70651,22.2311,17.2331,31.42742,7.67692
2019-03-13,32.18712,21.19152,18.19272,33.34666,7.43702
2019-03-14,30.7477,21.11155,16.03358,29.54818,7.51699
2019-03-15,32.62694,20.07197,16.43342,29.988,6.07756
2019-03-16,30.86765,21.15153,18.59256,32.30707,6.83726
2019-03-17,32.94682,23.47061,19.19232,34.18632,7.35705
2019-03-18,36.90523,23.39064,18.27269,34.30627,8.51659
2019-03-19,35.86565,21.03158,17.67293,34.58616,9.2363
2019-03-20,36.66533,22.87085,18.07277,36.10555,8.79648
2019-03-21,36.94522,21.91123,16.63334,34.54618,7.91683
2019-03-22,30.9876,22.19112,17.19312,33.06677,6.63734
2019-03-23,30.18792,22.31107,18.75249,32.30707,7.15713
2019-03-24,35.06597,22.59096,19.91203,34.38624,7.67692
2019-03-25,33.42662,20.67173,17.35305,34.90603,6.79728
2019-03-26,38.02479,23.67053,19.87205,37.7449,8.03678
2019-03-27,33.58656,21.83126,16.63334,35.58576,8.95641
2019-03-28,38.30467,21.83126,18.35265,35.06597,7.75689
2019-03-29,28.9884,19.71211,16.47341,33.70651,8.31667
2019-03-30,28.26869,24.35025,19.71211,33.06677,5.83766
2019-03-31,30.30787,23.51059,20.11195,39.94402,8.15673
2019-04-01,33.78648,24.07037,18.79248,37.06517,9.03638
2019-04-02,36.26549,24.27029,18.75249,37.7449,8.87644
2019-04-03,35.2259,22.47101,17.71291,35.62574,7.91683
2019-04-04,33.02678,21.9912,17.39304,34.54618,8.07676
2019-04-05,33.46661,19.87205,16.63334,32.10715,8.43662
2019-04-06,30.46781,21.55137,18.63254,36.30547,6.79728
2019-04-07,32.46701,27.26909,19.992,45.54178,8.4766
2019-04-08,36.54538,25.58976,17.35305,38.18472,9.55617
2019-04-09,35.86565,23.95041,18.07277,38.14474,8.51659
2019-04-10,37.2251,24.83006,19.75209,38.26469,8.55657
2019-04-11,33.82646,24.15033,20.27189,37.18512,8.67652
2019-04-12,31.18752,23.27069,20.35185,37.10515,9.39624
2019-04-13,27.02918,23.39064,20.15193,37.14514,7.83686
2019-04-14,31.66733,26.10955,21.39144,38.42463,8.51659
2019-04-15,35.62574,24.87005,19.95201,36.9852,9.07636
2019-04-16,33.94642,23.31067,18.83246,37.62495,12.27508
2019-04-17,34.30627,27.38904,17.95281,36.70531,10.51579
2019-04-18,35.62574,25.9896,19.47221,37.54498,10.35585
2019-04-19,32.90683,22.55097,18.15273,36.34546,8.63654
2019-04-20,31.78728,23.87045,20.03198,36.2255,9.71611
2019-04-21,32.7469,25.06997,21.03158,41.50339,10.35585
2019-04-22,36.66533,23.15073,17.83286,36.62534,14.67413
2019-04-23,34.90603,23.15073,16.55337,35.2259,12.67493
2019-04-24,33.66653,21.55137,17.63294,36.70531,14.63414
2019-04-25,31.50739,22.87085,17.03318,32.06717,7.95681
2019-04-26,30.54778,23.55057,18.11275,33.2267,7.43702
2019-04-27,28.78848,21.15153,19.2323,30.82766,7.95681
2019-04-28,29.14834,21.27149,20.11195,35.82566,9.11635
2019-04-29,30.62774,25.18992,18.55257,34.34626,7.39704
2019-04-30,29.34826,20.47181,16.03358,28.86845,9.31627
2019-05-01,29.54818,18.91243,15.83366,29.34826,9.4762
2019-05-02,32.06717,20.11195,14.63414,29.06837,12.15513
2019-05-03,31.34746,19.63214,15.71371,28.86845,12.95481
2019-05-04,27.82886,19.63214,15.59376,29.30827,10.43582
2019-05-05,29.988,20.91163,16.71331,29.50819,11.15553
2019-05-06,30.66773,20.67173,15.83366,33.42662,9.35625
2019-05-07,34.14634,19.35225,14.67413,30.50779,13.2347
2019-05-08,32.66693,21.11155,15.79368,31.38744,9.95601
2019-05-09,33.54658,18.51259,14.19432,32.42702,13.83446
2019-05-10,29.50819,17.9928,14.47421,29.86805,11.95521
2019-05-11,33.86645,19.47221,15.43382,29.58816,13.31467
2019-05-12,31.50739,19.75209,15.71371,31.46741,13.03478
2019-05-13,34.26629,20.35185,13.2347,30.66773,13.2347
2019-05-14,35.30587,19.51219,14.27429,31.54738,15.79368
2019-05-15,36.42542,19.19232,14.79408,32.34706,16.83326
2019-05-16,35.70571,19.59216,12.15513,30.90763,21.87125
2019-05-17,31.7473,19.31227,12.95481,29.38824,15.67373
2019-05-18,30.66773,19.03238,13.63454,27.38904,11.07556
2019-05-19,29.988,18.87245,15.31387,31.42742,11.4754
2019-05-20,35.46581,20.03198,14.19432,32.94682,11.2355
2019-05-21,36.42542,20.35185,16.63334,33.70651,14.11435
2019-05-22,34.50619,21.07157,15.03398,33.10675,16.07357
2019-05-23,36.50539,19.35225,13.15473,30.90763,18.19272
2019-05-24,32.50699,17.59296,12.03518,27.06917,19.39224
2019-05-25,28.42862,18.07277,14.71411,27.86885,14.55417
2019-05-26,33.94642,18.9924,15.47381,28.9884,15.87365
2019-05-27,36.2255,20.15193,16.43342,30.26789,12.03518
2019-05-28,36.54538,20.67173,14.19432,31.42742,14.994
2019-05-29,35.90563,20.9916,14.55417,33.94642,15.47381
2019-05-30,35.66573,19.63214,14.31427,28.54858,13.95441
2019-05-31,30.58776,18.15273,14.83406,27.46901,13.11475
2019-06-01,28.58856,18.63254,14.51419,26.90923,12.43502
2019-06-02,32.34706,18.91243,14.87405,28.50859,14.71411
2019-06-03,36.02558,18.51259,14.47421,31.7473,17.15313
2019-06-04,37.82487,17.31307,14.67413,29.7481,19.992
2019-06-05,36.7453,18.39264,13.63454,28.90843,17.55297
2019-06-06,32.2271,20.67173,15.95361,30.14794,14.07437
2019-06-07,31.58736,20.83166,15.83366,29.78808,12.51499
2019-06-08,31.18752,19.83206,17.91283,29.54818,12.83486
2019-06-09,31.10755,21.83126,16.71331,30.86765,12.2351
2019-06-10,33.38664,18.79248,14.2343,30.86765,12.475
2019-06-11,37.18512,21.39144,16.31347,34.02638,14.95401
2019-06-12,33.66653,20.35185,16.19352,36.42542,15.31387
2019-06-13,35.02598,18.87245,15.79368,31.78728,16.47341
2019-06-14,29.54818,18.31267,13.51459,29.78808,12.51499
2019-06-15,28.38864,19.83206,14.31427,29.70811,12.9948
2019-06-16,32.34706,21.63134,16.63334,32.46701,12.39504
2019-06-17,37.38504,22.27109,14.59416,31.26749,14.71411
2019-06-18,34.86605,22.63094,15.07397,32.38704,15.63374
2019-06-19,33.62654,20.79168,15.19392,31.02758,13.51459
2019-06-20,31.26749,20.19192,14.75409,30.06797,14.994
2019-06-21,30.46781,18.03278,14.2343,29.988,14.03438
2019-06-22,30.66773,21.07157,14.71411,31.10755,11.83526
2019-06-23,29.988,20.47181,17.19312,29.02838,12.71491
